구강건강변수,질병변수,χ²_통계량,p_value,유의성
치석,고콜레스테롤,55.847857620832315,7.460910058314405e-13,유의함
치석,고혈압,60.20627915457142,8.44058589156955e-14,유의함
치석,고혈당,109.7936898977415,1.4407982250892805e-24,유의함
치석,비만,64.61125163003607,9.3292122550187e-15,유의함
치아우식증유무,고콜레스테롤,0.5937622510279692,0.4409679561570714,유의하지 않음
치아우식증유무,고혈압,21.304530220230735,3.91804479610129e-06,유의함
치아우식증유무,고혈당,0.7907688731360734,0.3738677363816404,유의하지 않음
치아우식증유무,비만,39.20100319366452,3.823437300062619e-10,유의함
