구강건강변수,콜레스테롤변수,F_통계량,p_value,유의성
치석,총콜레스테롤,87.79187696384422,8.016800438645015e-39,유의함
치석,HDL콜레스테롤,67.90594674306156,3.370465655336929e-30,유의함
치석,LDL콜레스테롤,70.26987840050086,3.1796795059714135e-31,유의함
치석,트리글리세라이드,100.40872683535805,2.7181889867901657e-44,유의함
치아우식증유무,총콜레스테롤,3.5456862664649402,0.05970320086358333,유의하지 않음
치아우식증유무,HDL콜레스테롤,62.68075793648409,2.4541187677706944e-15,유의함
치아우식증유무,LDL콜레스테롤,0.9092658310628263,0.3403114638039879,유의하지 않음
치아우식증유무,트리글리세라이드,118.00853335109201,1.7849990910869718e-27,유의함
